{
  "1": {
    "ingresos_2024": 197021.86000000002,
    "ingresos_2025": 64089.130000000005,
    "ocupacion_2024": 13.698630136986301,
    "ocupacion_2025": 12.32876712328767,
    "adr_2024": 539.7859178082192,
    "adr_2025": 175.5866575342466,
    "tipo": "CABANA SENCILLA"
  },
  "2": {
    "ingresos_2024": 353440.32,
    "ingresos_2025": 50101.29,
    "ocupacion_2024": 20.54794520547945,
    "ocupacion_2025": 7.9452054794520555,
    "adr_2024": 968.3296438356165,
    "adr_2025": 137.2638082191781,
    "tipo": "CABANA SENCILLA"
  },
  "3": {
    "ingresos_2024": 292662.02,
    "ingresos_2025": 83521.69,
    "ocupacion_2024": 22.465753424657535,
    "ocupacion_2025": 12.054794520547945,
    "adr_2024": 801.8137534246575,
    "adr_2025": 228.82654794520548,
    "tipo": "CABANA SENCILLA"
  },
  "4": {
    "ingresos_2024": 318613.0199999999,
    "ingresos_2025": 95908.7,
    "ocupacion_2024": 24.383561643835616,
    "ocupacion_2025": 10.41095890410959,
    "adr_2024": 872.9123835616435,
    "adr_2025": 262.7635616438356,
    "tipo": "CABANA SENCILLA"
  },
  "5": {
    "ingresos_2024": 282551.91,
    "ingresos_2025": 72162.0,
    "ocupacion_2024": 20.273972602739725,
    "ocupacion_2025": 7.397260273972603,
    "adr_2024": 774.1148219178082,
    "adr_2025": 197.7041095890411,
    "tipo": "CABANA SENCILLA"
  },
  "6": {
    "ingresos_2024": 365498.74,
    "ingresos_2025": 147287.33000000002,
    "ocupacion_2024": 24.383561643835616,
    "ocupacion_2025": 13.698630136986301,
    "adr_2024": 1001.3664109589041,
    "adr_2025": 403.52693150684934,
    "tipo": "CABANA SENCILLA"
  },
  "7": {
    "ingresos_2024": 260525.44999999998,
    "ingresos_2025": 67785.34000000001,
    "ocupacion_2024": 18.356164383561644,
    "ocupacion_2025": 7.671232876712329,
    "adr_2024": 713.7683561643835,
    "adr_2025": 185.71326027397262,
    "tipo": "CABANA SENCILLA"
  },
  "8": {
    "ingresos_2024": 224386.62,
    "ingresos_2025": 44367.740000000005,
    "ocupacion_2024": 15.616438356164384,
    "ocupacion_2025": 5.205479452054795,
    "adr_2024": 614.7578630136986,
    "adr_2025": 121.55545205479453,
    "tipo": "CABANA SENCILLA"
  },
  "9": {
    "ingresos_2024": 305854.68,
    "ingresos_2025": 40802.509999999995,
    "ocupacion_2024": 29.863013698630137,
    "ocupacion_2025": 13.150684931506849,
    "adr_2024": 837.9580273972603,
    "adr_2025": 111.78769863013697,
    "tipo": "CABANA SENCILLA"
  },
  "10": {
    "ingresos_2024": 203478.08000000002,
    "ingresos_2025": 9247.8,
    "ocupacion_2024": 42.465753424657535,
    "ocupacion_2025": 1.095890410958904,
    "adr_2024": 557.4741917808219,
    "adr_2025": 25.336438356164383,
    "tipo": "CABANA SENCILLA"
  },
  "11": {
    "ingresos_2024": 291934.79,
    "ingresos_2025": 127786.92,
    "ocupacion_2024": 20.273972602739725,
    "ocupacion_2025": 10.95890410958904,
    "adr_2024": 799.8213424657533,
    "adr_2025": 350.1011506849315,
    "tipo": "CABANA SENCILLA"
  },
  "12": {
    "ingresos_2024": 404717.17000000004,
    "ingresos_2025": 101994.01000000001,
    "ocupacion_2024": 25.753424657534246,
    "ocupacion_2025": 11.506849315068493,
    "adr_2024": 1108.8141643835618,
    "adr_2025": 279.4356438356165,
    "tipo": "CABANA DOBLE"
  },
  "13": {
    "ingresos_2024": 261457.72999999998,
    "ingresos_2025": 66754.6,
    "ocupacion_2024": 16.43835616438356,
    "ocupacion_2025": 10.684931506849315,
    "adr_2024": 716.3225479452054,
    "adr_2025": 182.88931506849318,
    "tipo": "CABANA DOBLE"
  },
  "14": {
    "ingresos_2024": 225355.19999999998,
    "ingresos_2025": 78489.67,
    "ocupacion_2024": 19.17808219178082,
    "ocupacion_2025": 12.876712328767123,
    "adr_2024": 617.4115068493151,
    "adr_2025": 215.0401917808219,
    "tipo": "CABANA DOBLE"
  },
  "15": {
    "ingresos_2024": 282439.33,
    "ingresos_2025": 113831.68000000001,
    "ocupacion_2024": 17.534246575342465,
    "ocupacion_2025": 10.136986301369863,
    "adr_2024": 773.8063835616439,
    "adr_2025": 311.8676164383562,
    "tipo": "CABANA DOBLE"
  },
  "16": {
    "ingresos_2024": 295997.95,
    "ingresos_2025": 159477.84,
    "ocupacion_2024": 18.904109589041095,
    "ocupacion_2025": 7.9452054794520555,
    "adr_2024": 810.9532876712329,
    "adr_2025": 436.92558904109586,
    "tipo": "CABANA DOBLE"
  },
  "17": {
    "ingresos_2024": 155971.86000000002,
    "ingresos_2025": 38706.5,
    "ocupacion_2024": 8.767123287671232,
    "ocupacion_2025": 3.5616438356164384,
    "adr_2024": 427.3201643835617,
    "adr_2025": 106.04520547945205,
    "tipo": "CABANA DOBLE"
  },
  "18": {
    "ingresos_2024": 162721.38,
    "ingresos_2025": 76723.23000000001,
    "ocupacion_2024": 13.424657534246576,
    "ocupacion_2025": 6.027397260273973,
    "adr_2024": 445.812,
    "adr_2025": 210.20063013698632,
    "tipo": "CABANA DOBLE"
  },
  "19": {
    "ingresos_2024": 0.0,
    "ingresos_2025": 0.0,
    "ocupacion_2024": 0.0,
    "ocupacion_2025": 0.0,
    "adr_2024": 0,
    "adr_2025": 0,
    "tipo": "CABANA DOBLE"
  },
  "20": {
    "ingresos_2024": 516001.69,
    "ingresos_2025": 512198.49,
    "ocupacion_2024": 29.589041095890412,
    "ocupacion_2025": 17.26027397260274,
    "adr_2024": 1413.7032602739725,
    "adr_2025": 1403.2835342465753,
    "tipo": "CABANA VINEDO"
  },
  "21": {
    "ingresos_2024": 393014.86999999994,
    "ingresos_2025": 154536.80000000002,
    "ocupacion_2024": 21.91780821917808,
    "ocupacion_2025": 10.136986301369863,
    "adr_2024": 1076.7530684931505,
    "adr_2025": 423.38849315068495,
    "tipo": "CABANA VINEDO"
  },
  "22": {
    "ingresos_2024": 440179.95,
    "ingresos_2025": 178371.95,
    "ocupacion_2024": 24.383561643835616,
    "ocupacion_2025": 10.41095890410959,
    "adr_2024": 1205.9724657534248,
    "adr_2025": 488.69027397260277,
    "tipo": "CABANA VINEDO"
  },
  "23": {
    "ingresos_2024": 339201.81,
    "ingresos_2025": 133876.65,
    "ocupacion_2024": 18.356164383561644,
    "ocupacion_2025": 9.04109589041096,
    "adr_2024": 929.3200273972602,
    "adr_2025": 366.7853424657534,
    "tipo": "CABANA VINEDO"
  },
  "24": {
    "ingresos_2024": 743775.94,
    "ingresos_2025": 330637.26,
    "ocupacion_2024": 31.232876712328768,
    "ocupacion_2025": 21.643835616438356,
    "adr_2024": 2037.7423013698628,
    "adr_2025": 905.8555068493151,
    "tipo": "CABANA VINEDO"
  },
  "25": {
    "ingresos_2024": 338760.68,
    "ingresos_2025": 156229.13,
    "ocupacion_2024": 19.45205479452055,
    "ocupacion_2025": 10.684931506849315,
    "adr_2024": 928.1114520547945,
    "adr_2025": 428.0250136986302,
    "tipo": "CABANA VINEDO"
  },
  "26": {
    "ingresos_2024": 348576.19999999995,
    "ingresos_2025": 119513.08,
    "ocupacion_2024": 20.273972602739725,
    "ocupacion_2025": 8.21917808219178,
    "adr_2024": 955.0032876712328,
    "adr_2025": 327.433095890411,
    "tipo": "CABANA VINEDO"
  },
  "27": {
    "ingresos_2024": 438675.47,
    "ingresos_2025": 112379.69000000002,
    "ocupacion_2024": 22.465753424657535,
    "ocupacion_2025": 7.671232876712329,
    "adr_2024": 1201.850602739726,
    "adr_2025": 307.8895616438357,
    "tipo": "CABANA VINEDO"
  },
  "28": {
    "ingresos_2024": 523534.80999999994,
    "ingresos_2025": 154688.81000000003,
    "ocupacion_2024": 25.205479452054796,
    "ocupacion_2025": 11.78082191780822,
    "adr_2024": 1434.3419452054793,
    "adr_2025": 423.80495890410964,
    "tipo": "CABANA VINEDO"
  },
  "29": {
    "ingresos_2024": 404374.84,
    "ingresos_2025": 99036.66,
    "ocupacion_2024": 21.91780821917808,
    "ocupacion_2025": 7.671232876712329,
    "adr_2024": 1107.8762739726028,
    "adr_2025": 271.33331506849316,
    "tipo": "CABANA VINEDO"
  },
  "30": {
    "ingresos_2024": 986012.97,
    "ingresos_2025": 522249.3600000001,
    "ocupacion_2024": 33.97260273972603,
    "ocupacion_2025": 18.904109589041095,
    "adr_2024": 2701.4053972602737,
    "adr_2025": 1430.8201643835619,
    "tipo": "POOL SUITE"
  },
  "32": {
    "ingresos_2024": 274877.16000000003,