{
  "stats_por_tipo": {
    "CABANA SENCILLA": {
      "num_cabanas": 11,
      "ingresos_2024": 3095967.4900000007,
      "ingresos_2025": 803060.45,
      "ingresos_promedio_2024": 281451.5900000001,
      "ingresos_promedio_2025": 73005.49545454545,
      "adr_promedio": 3030.2185050338994,
      "ocupacion_2024": 22.93897882938979,
      "ocupacion_2025": 9.265255292652554
    },
    "CABANA DOBLE": {
      "num_cabanas": 8,
      "ingresos_2024": 1788660.62,
      "ingresos_2025": 635977.53,
      "ingresos_promedio_2024": 223582.5775,
      "ingresos_promedio_2025": 79497.19125,
      "adr_promedio": 3157.7521900513593,
      "ocupacion_2024": 15.0,
      "ocupacion_2025": 7.842465753424658
    },
    "CABANA VINEDO": {
      "num_cabanas": 10,
      "ingresos_2024": 4486096.26,
      "ingresos_2025": 1951468.52,
      "ingresos_promedio_2024": 448609.626,
      "ingresos_promedio_2025": 195146.852,
      "adr_promedio": 4818.096064789378,
      "ocupacion_2024": 23.47945205479452,
      "ocupacion_2025": 11.452054794520548
    },
    "POOL SUITE": {
      "num_cabanas": 1,
      "ingresos_2024": 986012.9699999999,
      "ingresos_2025": 522249.3600000001,
      "ingresos_promedio_2024": 986012.9699999999,
      "ingresos_promedio_2025": 522249.3600000001,
      "adr_promedio": 7943.39699969475,
      "ocupacion_2024": 33.97260273972603,
      "ocupacion_2025": 18.904109589041095
    },
    "RESIDENCE III": {
      "num_cabanas": 1,
      "ingresos_2024": 274877.16000000003,
      "ingresos_2025": 2114301.4899999998,
      "ingresos_promedio_2024": 274877.16000000003,
      "ingresos_promedio_2025": 2114301.4899999998,
      "adr_promedio": 12889.880875650666,
      "ocupacion_2024": 7.9452054794520555,
      "ocupacion_2025": 11.232876712328768
    },
    "RESIDENCE I": {
      "num_cabanas": 1,
      "ingresos_2024": 1449132.56,
      "ingresos_2025": 236253.06,
      "ingresos_promedio_2024": 1449132.56,
      "ingresos_promedio_2025": 236253.06,
      "adr_promedio": 15978.860144110276,
      "ocupacion_2024": 14.246575342465754,
      "ocupacion_2025": 4.10958904109589
    },
    "RESIDENCE II": {
      "num_cabanas": 1,
      "ingresos_2024": 1652080.02,
      "ingresos_2025": 59139.69,
      "ingresos_promedio_2024": 1652080.02,
      "ingresos_promedio_2025": 59139.69,
      "adr_promedio": 20688.57085526316,
      "ocupacion_2024": 20.0,
      "ocupacion_2025": 0.821917808219178
    },
    "Total": {
      "num_cabanas": 1,
      "ingresos_2024": 13732827.080000002,
      "ingresos_2025": 6322450.1,
      "ingresos_promedio_2024": 13732827.080000002,
      "ingresos_promedio_2025": 6322450.1,
      "adr_promedio": NaN,
      "ocupacion_2024": 683.2876712328767,
      "ocupacion_2025": 314.24657534246575
    }
  },
  "meses_labels": [
    "01/24",
    "02/24",
    "03/24",
    "04/24",
    "05/24",
    "06/24",
    "07/24",
    "08/24",
    "09/24",
    "10/24",
    "11/24",
    "12/24",
    "01/25",
    "02/25",
    "03/25",
    "04/25",
    "05/25",
    "06/25",
    "07/25"
  ],
  "ocupacion_mensual": {
    "CABANA SENCILLA": [
      22.12121212121212,
      7.878787878787878,
      20.0,
      13.333333333333334,
      29.6969696969697,
      17.272727272727273,
      19.696969696969695,
      27.27272727272727,
      32.72727272727273,
      25.757575757575758,
      33.33333333333333,
      30.0,
      20.909090909090907,
      19.090909090909093,
      18.181818181818183,
      12.727272727272727,
      14.545454545454545,
      19.090909090909093,
      8.181818181818182
    ],
    "CABANA DOBLE": [
      2.9166666666666665,
      1.25,
      17.916666666666668,
      16.25,
      24.166666666666668,
      12.916666666666668,
      20.416666666666668,
      29.583333333333332,
      19.166666666666668,
      15.0,
      11.666666666666666,
      11.25,
      10.416666666666668,
      10.416666666666668,
      22.5,
      9.583333333333334,
      17.083333333333332,
      16.666666666666664,
      8.75
    ],
    "CABANA VINEDO": [
      12.666666666666668,
      16.666666666666664,
      20.666666666666668,
      25.333333333333336,
      30.666666666666664,
      21.0,
      17.333333333333336,
      21.0,
      31.333333333333336,
      31.666666666666664,
      34.66666666666667,
      22.666666666666664,
      14.000000000000002,
      16.333333333333332,
      21.666666666666668,
      18.0,
      31.666666666666664,
      24.666666666666668,
      13.0
    ],
    "POOL SUITE": [
      13.333333333333334,
      43.333333333333336,
      30.0,
      26.666666666666668,
      33.33333333333333,
      40.0,
      40.0,
      40.0,
      60.0,
      23.333333333333332,
      50.0,
      13.333333333333334,
      33.33333333333333,
      30.0,
      33.33333333333333,
      33.33333333333333,
      36.666666666666664,
      30.0,
      33.33333333333333
    ],
    "RESIDENCE III": [
      0.0,
      0.0,
      0.0,
      0.0,
      13.333333333333334,
      13.333333333333334,
      16.666666666666664,
      13.333333333333334,
      13.333333333333334,
      3.3333333333333335,
      0.0,
      23.333333333333332,
      3.3333333333333335,
      6.666666666666667,
      20.0,
      43.333333333333336,
      20.0,
      26.666666666666668,
      16.666666666666664
    ],
    "RESIDENCE I": [
      0.0,
      16.666666666666664,
      6.666666666666667,
      0.0,
      23.333333333333332,
      0.0,
      6.666666666666667,
      23.333333333333332,
      30.0,
      26.666666666666668,
      16.666666666666664,
      23.333333333333332,
      0.0,
      6.666666666666667,
      10.0,
      16.666666666666664,
      6.666666666666667,
      10.0,
      0.0
    ],
    "RESIDENCE II": [
      0.0,
      13.333333333333334,
      60.0,
      23.333333333333332,
      23.333333333333332,
      0.0,
      6.666666666666667,
      46.666666666666664,
      26.666666666666668,
      30.0,
      0.0,
      13.333333333333334,
      10.0,
      0.0,
      0.0,
      0.0,
      0.0,
      0.0,
      0.0
    ],
    "Total": [
      406.66666666666663,
      336.6666666666667,
      666.6666666666667,
      580.0,
      919.9999999999999,
      556.6666666666666,
      623.3333333333334,
      869.9999999999999,
      956.6666666666666,
      803.3333333333334,
      873.3333333333333,
      720.0,
      500.0,
      500.0,
      660.0,
      490.00000000000006,
      676.6666666666666,
      656.6666666666666,
      340.0
    ]
  },
  "adr_mensual": {
    "CABANA SENCILLA": [
      2451.5152420306968,
      2910.5478257575755,
      2748.758022727273,
      3782.5734949494945,
      3838.299988980716,
      4999.4328138528135,
      5676.614623376623,
      4189.14187987013,
      2485.415666324416,
      4895.06970021645,
      2738.3860606060607,
      2258.4980484164957,
      1039.6759049422799,
      2370.9017575757575,
      648.4543863636364,
      1881.4242207792204,
      2887.812909090909,
      3693.096928571428,
      2078.532121212121
    ],
    "CABANA DOBLE": [
      2407.62,
      475.0,
      2914.492448863636,
      2252.464194940476,
      4134.958214285714,
      5027.099364583333,
      4435.918534090909,
      3605.787987599206,
      3425.7977361111116,
      4392.02380952381,
      2623.5855009920633,
      2515.8170833333334,
      2377.3421875,
      2570.855482142857,
      1224.255742063492,
      7378.945119047619,
      3394.0689350649354,
      3394.1964880952382,
      1447.0627827380952
    ],
    "CABANA VINEDO": [
      3694.9667,
      4419.183723809523,
      3919.1904416666666,
      6892.545904761905,
      5262.42057463925,
      6420.934092857144,
      5495.755291666666,
      5471.695816666665,
      5334.79658095238,
      5798.315939178877,
      4991.575967476967,
      3746.8252404761906,
      2703.9813833333333,
      3694.3920999999996,
      4636.103371428571,
      4786.942233333333,
      5411.351365079365,
      4737.409845337995,
      4125.4386583333335
    ],